Epic,Feature Area,User Story ID,User Story (As a / I want / So that),Acceptance Criteria (Gherkin‑style summary),Vibe Prompt (SMART, implementation‑ready),Priority
Foundation Platform,User Management & Identity,US-001,"As a learner, I want to securely sign up and log in using email, phone, or social login so that I can access my personalized learning journey.","Given a new user When signup is attempted Then identity is verified and account is created securely.","Design a secure authentication module supporting email OTP, phone OTP, Google and Apple login. Ensure OAuth2 compliance, encrypted credential storage, session expiry handling, and role‑based access. Deliver REST APIs + UI flows. Success = login <2s, zero plain‑text credentials.",Must Have
Foundation Platform,Role‑Based Access Control,US-002,"As an admin, I want role‑based access (student, teacher, reviewer, admin) so that each user sees only relevant capabilities.","Given a role When user logs in Then permissions align with role matrix.","Implement RBAC with a permission matrix configurable via admin UI. Enforce permissions at API and UI levels. Validate via 100% permission coverage tests.",Must Have
Foundation Platform,User Profiles,US-003,"As a learner, I want a rich profile showing progress, preferences, and goals so that my learning is personalized.","Given profile data When dashboard loads Then progress and preferences render correctly.","Create a learner profile service capturing goals, preferred language, pace, streaks, and mastery level. Persist data and expose via APIs. Accuracy ≥99%.",Must Have
Content Engine,Micro‑Lesson Architecture,US-004,"As a student, I want lessons broken into 5 micro‑lessons so that I can learn in short focused sessions.","Given a lesson When accessed Then exactly 5 micro‑lessons are available.","Build a lesson schema enforcing exactly 5 micro‑lessons, each with concept, example, practice, feedback, and recap. Validate schema at creation time.",Must Have
Content Engine,Multi‑Modal Content,US-005,"As a learner, I want text, audio (TTS), and interactive content so that different learning styles are supported.","Given a lesson When played Then text and audio are synchronized.","Integrate high‑quality TTS with sentence‑level sync, pause/resume, and speed control. Ensure <300ms audio latency.",Must Have
Content Engine,Multi‑Lingual Support,US-006,"As a learner, I want lessons available in multiple Indian and global languages so that I can learn comfortably.","Given language selection When lesson loads Then correct translation and audio are used.","Implement language abstraction layer supporting Telugu, Hindi, English initially, extendable to 20+ languages. Use locale‑aware TTS and content mapping.",Must Have
Assessment Engine,Practice & Validation,US-007,"As a student, I want my answers validated step‑by‑step so that I understand mistakes clearly.","Given an answer When submitted Then correctness and explanation are shown.","Build an answer‑validation engine that checks correctness, shows correct answer, and renders step‑by‑step reasoning. Accuracy ≥99%.",Must Have
Assessment Engine,Quizzes & MCQs,US-008,"As a learner, I want quizzes after lessons so that I can assess my understanding.","Given quiz submission When evaluated Then score and feedback are shown.","Create quiz service supporting MCQ, fill‑in‑the‑blank, and reasoning questions. Auto‑grade and store analytics.",Must Have
AI Engine,Personalized Learning Paths,US-009,"As a learner, I want AI‑driven recommendations so that my weak areas are strengthened.","Given performance data When analyzed Then next lessons are recommended.","Design an AI recommendation engine using mastery scores, pace, and error patterns to generate adaptive learning paths. Measure improvement ≥20%.",Must Have
AI Engine,Vibe Prompt System,US-010,"As a content creator, I want structured Vibe prompts so that AI generates consistent world‑class lessons.","Given a prompt When executed Then output matches schema and quality standards.","Create a Vibe Prompt framework enforcing SMART rules, schema validation, tone, length, and learning outcomes. Reject non‑compliant outputs.",Must Have
AI Engine,Content Generation,US-011,"As a curriculum designer, I want AI‑generated lessons aligned to syllabus so that content creation scales.","Given syllabus input When generated Then lessons align exactly to objectives.","Build AI pipelines that generate lessons strictly aligned to CBSE / Olympiad objectives. Include plagiarism checks.",Must Have
Curriculum,Class‑Wise Progression,US-012,"As an educator, I want curriculum from Class 1–12 so that learning is continuous and structured.","Given class selection When browsing Then correct curriculum appears.","Model curriculum hierarchy Class → Subject → Domain → Lesson → Micro‑lesson. Enforce progression rules.",Must Have
Curriculum,Competitive Readiness,US-013,"As a student, I want Olympiad and competitive prep integrated so that I gain advanced mastery.","Given advanced mode When enabled Then higher‑order problems appear.","Tag lessons with difficulty tiers and enable Olympiad‑grade problem generation using AI.",Should Have
Analytics,Progress Tracking,US-014,"As a learner, I want dashboards showing mastery and streaks so that I stay motivated.","Given activity When dashboard loads Then metrics are accurate.","Implement analytics dashboards with mastery %, streaks, time‑on‑task, and confidence index.",Must Have
Analytics,Teacher Insights,US-015,"As a teacher, I want class‑level analytics so that I can intervene early.","Given class data When viewed Then weak areas are highlighted.","Create teacher analytics views with cohort comparison and AI‑suggested interventions.",Should Have
Gamification,Streaks & Badges,US-016,"As a student, I want badges and streaks so that learning feels rewarding.","Given milestones When achieved Then badges are awarded.","Implement gamification engine with streaks, badges, levels, and leaderboards.",Nice to Have
Platform,Offline Access,US-017,"As a learner, I want offline lesson access so that I can learn without internet.","Given offline mode When enabled Then cached lessons play.","Enable secure offline caching with expiry and sync‑back on reconnect.",Nice to Have
Platform,Parental Controls,US-018,"As a parent, I want visibility into my child’s progress so that I can guide them.","Given parent login When viewing dashboard Then child progress is visible.","Build parent dashboards with read‑only analytics and alerts.",Should Have
Security & Trust,Data Privacy,US-019,"As a user, I want my data protected so that my privacy is respected.","Given data storage When audited Then compliance is met.","Ensure GDPR‑like compliance, encrypted data at rest/in transit, audit logs, and consent management.",Must Have