Component,Objective,Vibe Prompt / Specification,Expected Output,Model Strategy
Adaptive AI Learning Engine,Deliver personalized AI-led adaptive learning.,"Create an AI that detects student understanding and emotion, adjusting tone dynamically.",Dynamic AI teacher with adaptive pacing and empathy.,Fine-tune on emotion and speech-based learning datasets.
Read-Along & Mimic Engine,Enable synchronized text-audio reading and mimic feedback.,Implement real-time mimic tracking with audio feedback and TTS alignment.,Audio-visual read-along and pronunciation feedback tool.,Train on LibriSpeech and real student mimic samples.
Lesson JSON Generator,Generate structured Vibe JSON lessons from the Rulebook.,Generate lesson JSONs per Rulebook 2.1 with adaptive and Olympiad elements.,Fully formatted lesson JSON files per subject and grade.,Custom GPT-trained content generation tuned to school curriculum.
Assessment Engine,Evaluate comprehension and reasoning depth via AI.,Design a semantic grading system for written and spoken responses.,AI-assessed results with confidence metrics and hints.,Use SQuAD and EdNet QA datasets with semantic comparison.
Olympiad Engine,Integrate Olympiad reasoning into regular lessons.,Create reasoning-based adaptive Olympiad challenges per lesson topic.,In-lesson Olympiad mode with adaptive difficulty scaling.,Hybrid symbolic + LLM reasoning fine-tuning using Olympiad data.
AI Examiner,Provide examiner-style feedback and AI reports.,Produce AI examiner summaries with improvement guidance.,Comprehensive AI examiner feedback report per student.,Fine-tune on teacher–student evaluation samples.
Offline Activity Verifier,Verify hands-on authenticity using face and hand detection.,Analyze offline activity videos ensuring the student is visible and active.,Verified or flagged offline submissions with authenticity score.,OpenCV + Mediapipe + Llama Vision model ensemble.
Authenticity & Integrity Monitor,Monitor originality and prevent fake submissions.,Detect content reuse and fake uploads automatically.,Integrity analytics dashboard and automatic alerts.,Anomaly detection with CNN embeddings on activity data.
Ethical Governance Layer,Ensure ethical governance and audit trails.,"Implement audit trails, consent tracking, and anonymization logic.","Secure, transparent data governance layer.",Rule-based audit logging with federated architecture.
Mentorship Engine,Enable vertical mentorship and empathy growth tracking.,Pair mentors with mentees and track academic and empathy improvements.,Mentor-mentee logs with empathy growth metrics.,Fine-tune on mentorship and empathy conversation datasets.
Team Collaboration Engine,Facilitate team learning and collaboration analytics.,Assign team roles and track group participation across projects.,Balanced collaboration and contribution tracking system.,Reinforcement learning using group activity metrics.
Peer Reflection System,Reinforce reflective thinking and peer review.,Allow students to reflect and evaluate peers constructively.,Student reflection reports and peer evaluation analytics.,Sentiment-based reflection modeling using small LLMs.
AI Examiner Dashboard,Visualize performance analytics for teachers and admin.,Generate class performance dashboards with visual insights.,Teacher analytics and class improvement dashboard.,Visualization with Dash/Plotly and PostgreSQL backend.
Student Progress Graph Engine,Track academic and emotional growth visually.,Map academic and empathy growth per learner over time.,Comprehensive progress graphs for student development.,Graph-based student performance data storage.
Data Ethics & Governance,Maintain explainability and AI ethics compliance.,Generate explainable decisions for every AI evaluation step.,Explainable AI outputs with compliance data.,Explainable AI (XAI) with SHAP or LIME.
Gamification Engine,"Reward consistent effort, mastery, and integrity.",Award badges and track motivation through performance analytics.,Adaptive reward and streak system promoting effort.,Rule-based gamification + analytics correlation logic.
Parent Communication Engine,Provide weekly progress updates to parents.,Summarize weekly progress and highlight key learning areas.,Personalized parent summary reports (voice/text).,Fine-tune on education reporting templates.
Community Projects Engine,Promote school-wide collaborative projects.,Manage collaborative challenges and track participation rates.,Global project management and contribution tracking.,Aggregate analytics and leaderboard generation scripts.
Emotion–Engagement Engine,Adjust lesson tone and pacing using emotion data.,Monitor engagement using facial and vocal sentiment cues.,Emotion-driven lesson modulation system.,Emotion classification using facial + voice datasets.
Learn-by-Mimic Engine,Reinforce learning through imitation and repetition.,Enable AI-led imitation cycles with real-time corrective feedback.,Reinforced mimic-based learning reinforcement model.,RLHF fine-tuned mimic-feedback engine.
AI Training & Feedback Loop,Enable continuous retraining using anonymized school data.,Retrain AI models locally from anonymized interaction data.,Federated self-improving model ecosystem.,Federated continual learning setup using FedML.
Research & Accreditation Module,Generate school impact analytics and reports.,Generate comparative reports and institutional research findings.,Learning Impact Reports and comparative analysis.,Internal data analytics + educational benchmarking.
Blockchain Academic Ledger,Store verified achievements on blockchain ledger.,Log all verified accomplishments using a blockchain record system.,Blockchain-secured student academic portfolios.,Private blockchain via Hyperledger or Polygon SDK.
